frame,y,x,mass,size,ecc,signal,raw_mass,ep,frame,particle
0,135.332723470988,124.2470813730615,1086.36608289169,3.182066077244659,0.169937473335721,24.13515866330205,5890.141373109544,0.0007661532405490349,0,0
1,136.04596646366898,124.40285309084842,1125.703547364969,3.231250180018516,0.19853568565893842,23.947143119885467,6100.285953375542,0.0007465599937485846,1,0
2,135.35476891119959,124.2611216894582,1083.2678429681919,3.186896531612276,0.17087950474700472,23.908023191698888,5888.795861735778,0.0007590637620455905,2,0
3,136.0701681371733,124.38313634093558,1134.0334335911282,3.2307103855765145,0.1930694763963876,24.070128647056578,6090.71258202066,0.0007105145358189184,3,0
4,135.327036908078,124.2425139275766,1091.6245801090477,3.1828968209324584,0.17051117941619406,24.230872904579314,5908.826614794654,0.0007580113995655757,4,0
5,135.34384554905216,124.22879357036778,1076.2869598480245,3.184177818721068,0.17262569671033343,23.975991505306737,5870.22406744484,0.0007657223556272286,5,0
6,135.3357809260539,124.22874913614375,1077.2052262312575,3.1894375827075785,0.1733828585985745,23.729037032564847,5892.999980778024,0.0007710135326409291,6,0
7,135.34784493972768,124.23180990373776,1077.2689275551686,3.1869454469385268,0.17339431561396196,23.72962514951113,5896.297237413871,0.0007871826633734271,7,0
8,135.33912741178514,124.22266643490353,1088.6019025571154,3.1848437354647476,0.17392257070224912,24.12597646028719,5913.33747677702,0.0007537115010449523,8,0
9,135.36891774891774,124.18753246753246,1079.4244893822483,3.1827592918655836,0.17164780457044498,23.831449765582107,5894.6822428429,0.0007549471507538849,9,0
10,135.35171334145068,124.2354322490868,1088.2253691394744,3.185992454695653,0.17634526596612793,24.03976724312285,5889.7418394180195,0.0007468927168552715,10,0
11,135.34160571229538,124.21185997910136,1088.933269723721,3.183710936261409,0.17545103589965622,24.179552749873636,5894.983621502833,0.0007515658343521255,11,0
12,135.3813941390671,124.2046124501474,1085.2628751936809,3.1899709539449277,0.16850739538698117,23.993587062111033,5868.297602128873,0.0007370011786177887,12,0
13,135.3598478298461,124.2230676119661,1088.5793067227562,3.1887967469040546,0.1653262340339769,24.000321910280377,5885.898776063252,0.0007465184078344789,13,0
14,135.32019958706124,124.28492773571921,1089.8203622537628,3.1917930719977536,0.16293095125419496,23.90779356286214,5905.018353180487,0.0007590449086163502,14,0
15,135.35119409465915,124.23586626139817,1079.0858441772543,3.1870613369156704,0.17398382627848613,23.896386475484135,5879.747632847459,0.000769125500767854,15,0
16,135.32717287071745,124.2424374509633,1082.832122792323,3.1814616445038895,0.16766341105469007,24.07132693854436,5900.549925872772,0.0007712468292449143,16,0
17,135.3390879762839,124.2184148574418,1078.9562830104933,3.1847246362607784,0.1742501174978713,23.9893497399665,5878.240613114171,0.0007702481062896852,17,0
18,135.32262569832403,124.21368715083798,1083.6715930845608,3.183571217724526,0.17520189938258485,24.121530746906686,5909.830319185137,0.0007835301526116587,18,0
19,135.3344620995051,124.24138230441956,1088.7388535340249,3.183840635346319,0.17263965549095645,24.10596575941446,5907.626197703277,0.0007659779558779612,19,0
20,135.29706451045877,124.22227104939357,1089.8711360012194,3.1811621433331765,0.1801706159080847,24.330046453182433,5908.720499310331,0.0007612756059557908,20,0
21,135.3122929380994,124.23853530950305,1081.9552773032092,3.185680690949816,0.17554010379402443,24.053931622695586,5906.856412882526,0.0007755133465555526,21,0
22,135.3236305901032,124.19661286054512,1086.323977026466,3.1684082711861055,0.17968533804670417,24.43438424113512,5904.092848278946,0.0007457560331274806,22,0
23,135.34433061295363,124.23632575099843,1085.2726925832533,3.183620608770289,0.1699704652198274,24.027134624824583,5912.933810293072,0.0007663429786539745,23,0
24,135.34370689655174,124.20025862068965,1093.4567913996373,3.191259615110385,0.16487288358434682,24.03719670749203,5958.909294457222,0.0007799864430875396,24,0
25,135.3337683807535,124.21430435917515,1089.9488138091065,3.18600273334196,0.17192429320643635,24.08831451383564,5932.132882215788,0.0007496738942650086,25,0
26,136.06050237836936,124.36718684803472,1129.4563610302741,3.23151829741856,0.19296297207019514,23.940742360151017,6115.881895817599,0.0007443829270502747,26,0
27,135.35278330880442,124.19582720110813,1091.8888445865048,3.18876316846228,0.16479366036441123,24.104549854519846,5928.164326159,0.0007739200500546417,27,0
28,135.31638615156535,124.19839539548269,1093.8954704401458,3.1838932527452304,0.17847994362039646,24.325747358702117,5948.090308395767,0.0007671981141418851,28,0
29,135.3410731367945,124.15305678754675,1088.7084986096424,3.18026679352368,0.17242940472993243,24.048348434372485,5949.109039711688,0.0007591738640979547,29,0
30,135.30922258092662,124.20041881162203,1085.9203185265123,3.1847813447070314,0.1759337672989883,24.16104015568106,5934.711729274975,0.0007722415668132212,30,0
31,135.30455656424581,124.19596717877096,1082.430324198833,3.1847226096724124,0.17591177614306908,23.99941535845876,5915.579580295864,0.0007814997913621861,31,0
32,135.31757351646417,124.18850149674239,1080.6774966259673,3.1703970576382905,0.17975920676471407,24.262437193134502,5896.716758518634,0.0007499238853138637,32,0
33,135.3168576677456,124.17933689091068,1089.5981319311395,3.1813910848145754,0.17511298519581628,24.306493188910906,5913.767488216674,0.0007561273159380423,33,0
34,135.35887096774192,124.1257889200561,1085.6923502575435,3.1732495367873135,0.17835897159243114,24.268193313084993,5905.7570337651,0.0007524172869154651,34,0
35,135.3481264030392,124.16896908996719,1094.685329319123,3.1922918084280987,0.17130138896832092,24.101602398236608,5936.549500470246,0.0007635806764254341,35,0
36,135.33591931730024,124.191276614085,1100.493260762215,3.1910950573206804,0.1657689237907986,24.09493045716771,5952.7660217828015,0.0007367205325586217,36,0
37,135.32618362542505,124.18458453221729,1094.0926725897139,3.1825062413308025,0.17778783079376634,24.325889921560474,5925.517584119807,0.0007582439837344757,37,0
38,135.35868253147095,124.09622348680807,1074.1943976911334,3.184909018498507,0.1820639965140469,23.617828195485345,5921.006451487521,0.0007876811122354966,38,0
39,135.34089358799454,124.20804911323329,1094.9002025073676,3.1975113958946033,0.16560778557009406,23.806237349878813,5947.458672419878,0.0007542821955936244,39,0
40,135.3399655469423,124.18354866494401,1093.7577688855151,3.1946067816295356,0.1703580649332701,24.02310345097385,5933.253618395596,0.0007482835942493307,40,0
41,135.32553504895589,124.2022355081882,1091.567309320703,3.1873183640319835,0.17666545189580718,24.118331503056865,5929.94903043418,0.0007407584119772122,41,0
42,135.34697021567956,124.15542622389593,1097.8852859138428,3.197589814700174,0.17553175063274373,23.961036281070687,5943.815503884559,0.0007629511665722958,42,0
43,136.06805940917252,124.31573363799576,1143.364288280204,3.242283780445924,0.1943311152419479,23.699569872953468,6200.133051448867,0.0007005200179313206,43,0
44,135.35699693564862,124.13610827374872,1091.1568530874515,3.1999398828197068,0.16903770463663517,23.68445671921179,5962.542088758913,0.000742387034850993,44,0
45,135.31632740702568,124.1728935841278,1087.6185935430722,3.1942467391428577,0.17841579630421486,23.820556673836933,5952.750355390769,0.0007509611918612715,45,0
46,135.3438273184882,124.16287006228137,1101.9845312632858,3.1996528478191912,0.16991329858792442,23.974580280875173,5979.339229458172,0.0007355615045069742,46,0
47,135.35403514758573,124.11951885343798,1090.5526258778195,3.1970357154147124,0.1766290637030412,23.723845725886704,5954.951434424416,0.0007365570994042649,47,0
48,135.34286945282207,124.09607927617407,1089.7098169449062,3.183515273389926,0.18158348750151962,23.944506964321505,5957.745007735748,0.0007412628577488645,48,0
49,135.28844014717208,124.14357833490203,1096.9176699022564,3.2033422479163653,0.18295844599252162,23.933773066233883,5960.278960962345,0.0007422678349418523,49,0
50,135.29223202170962,124.12279511533242,1102.9331007523817,3.2105290230536374,0.17891319505009332,23.850741239133086,5973.30224909286,0.000736327050499894,50,0
51,135.26101928374655,124.14979338842976,1100.600772505067,3.1984952557142314,0.18255218687100422,24.1609157187321,5958.529546965719,0.0007534691792606503,51,0
52,135.27597708030444,124.12588728298982,1096.949979442292,3.2026805030876258,0.18576628289059083,23.922196592643843,5936.760366785931,0.0007297793158476706,52,0
53,135.27554179566565,124.12676298589611,1094.9676477379787,3.200662126200707,0.18702219476041587,24.012448415306547,5949.813299815585,0.0007577767301436339,53,0
54,136.06814997939844,124.31759373712403,1138.4490758319637,3.236750750090557,0.19516883270103458,23.922910122550533,6158.2015296806785,0.0007123664119985761,54,0
55,135.3090815273478,124.09778121775025,1091.0896926078078,3.1986866284822,0.19501563503586394,23.83357257674434,5935.84754218025,0.0007474171703291954,55,0
56,135.3397967823878,124.10745131244708,1107.3737848075828,3.209374498871249,0.17191786668776898,23.910272237589638,5987.211493691157,0.0007603502288141439,56,0
57,135.3111092308994,124.10093916575006,1108.7169432199553,3.2110257213644733,0.17807380982102267,23.921044125652642,5973.459381278346,0.0007709261402931067,57,0
58,135.33276725821517,124.09662902267131,1107.2042320493535,3.2064483513653665,0.17340820495411555,23.97359931838203,5970.5033564159785,0.0007509978303143389,58,0
59,136.0540938061775,124.23263605164243,1143.2319982536765,3.2394371826501986,0.20838303989834628,23.821225654084614,6221.499284995853,0.0007479453673913818,59,0
60,136.08031867327858,124.19600032517681,1148.0670098496785,3.2420319989157007,0.2137944873385538,23.79945431360605,6216.723084662965,0.0007352816212750919,60,0
61,135.34551191563563,123.88001328572615,1110.6344158662819,3.2330652821265566,0.18474279080149525,23.424490710789303,6022.452062450619,0.0007379906970917321,61,0
62,135.18385453267743,123.5806394940267,1052.4341989614143,3.1853191215061556,0.1759576283909747,23.574378139068926,5808.142327972244,0.0008026506583457115,62,0
63,135.22028553910835,123.4720154156083,1064.6984210877079,3.176372216414967,0.1679960730715933,23.780160933464614,5887.1032488894225,0.0007855489755994248,63,0
64,135.2508973124398,123.39254136391492,1078.262540775622,3.1790095508807044,0.17534544077961864,24.070467293861824,5887.788059503571,0.0007640339542631547,64,0
65,135.24980195405334,123.25833993486489,1080.541295409658,3.1830989069658444,0.18485482984394738,24.25297335881197,5915.452840407743,0.0007715236179656557,65,0
66,135.26694401109378,123.24033628011787,1104.4715887270745,3.1899342251130753,0.169444675793456,24.409798502808457,5998.301981632834,0.0007674587871289006,66,0
67,136.08460905349796,123.2641975308642,1131.9696492941175,3.234612194588822,0.2073922202285448,23.757387701234563,6198.01878397352,0.0007331600729230599,67,0
68,136.09079033311562,123.1657413455258,1146.6961136876546,3.2404207418068522,0.20956945838129798,23.873898513255384,6208.585992727631,0.0007439670900993839,68,0
69,136.13586559532504,123.03847090333576,1149.0790620054738,3.244494253219659,0.2043285968816318,23.781767779514308,6208.789431748383,0.0007622201224410736,69,0
70,135.36945683547626,122.36394647074259,1065.2006824926486,3.1774400468718613,0.16062923426933523,23.758083970578625,5818.8506888650645,0.0007902941012628356,70,0
71,135.4030195381883,122.17930728241564,1059.8623672095232,3.1605781111131552,0.17739802712238822,24.002211690801815,5847.364612554685,0.000830250799315053,71,0
72,136.17779291553134,122.27264986376022,1121.9441121306452,3.2067707661437237,0.19141889776915977,24.265480626803804,6099.335915865222,0.0007621098684783435,72,0
73,136.16028217537527,122.04413091624969,1130.4391749104482,3.242325289598477,0.2155704802495013,23.64547531803497,6135.61400294692,0.0007685366245461377,73,0
74,136.23822463768116,121.92152503293808,1138.8389921456715,3.238438440199503,0.20489835146612456,23.91336816511415,6115.672485685489,0.0007596040014103434,74,0
75,136.1374848011117,121.36294945284003,1098.701788711443,3.1962067147182465,0.20202439982208553,24.332895268492095,5981.584905804907,0.000771532390281134,75,0
76,136.22753923090187,121.18701500258665,1110.5405300981208,3.2015149888500747,0.19505389726754851,24.416954231334785,6016.571126539769,0.0007694857704141442,76,0
77,136.27148257034858,121.01898362032759,1114.400756517042,3.2240434412206334,0.20201354368619254,23.776379013467338,6017.595988077957,0.0007394575530796346,77,0
78,136.1998052407932,120.53098441926346,1064.8746772011107,3.1711814270173018,0.17891234090702948,24.038867093332442,5844.599859753351,0.0008299312071956177,78,0
79,136.28973105134475,120.37635347537548,1083.6696863956906,3.177181347249118,0.1727921193700238,24.12991355491627,5876.28563651991,0.0007842590909185136,79,0
80,136.36214355080782,120.12024366557782,1093.6229706266604,3.1688594707233233,0.18708240609507412,24.62027522819797,5916.297038820709,0.0007690174853284962,80,0
81,137.1087789438614,120.19781775778777,1150.2554729723342,3.224032589826474,0.21106423838736418,24.430713443940135,6148.734506771844,0.0007713780659491592,81,0
82,136.343062415806,119.47588684328693,1052.7412069682607,3.153902935568401,0.1654375711092675,24.014033818584487,5763.5102344633815,0.0008388129220479382,82,0
83,137.13799621928166,119.40402130950335,1119.9952171954665,3.1997701412547497,0.19918705613695128,24.540194224509705,6010.7365767593255,0.0007474772155577256,83,0
84,137.1726409444777,119.22756437676448,1122.8371732499131,3.209192033585202,0.2198523350282705,24.399062537896995,6021.276221887185,0.0007518939146557022,84,0
85,137.21814398668332,119.07382438618393,1136.9469474457078,3.230215235900779,0.20765949322807498,24.035332888157285,6059.3531689087,0.0007201893718219573,85,0
86,137.13183927164494,118.51799002013482,1082.4894072838085,3.179684153460283,0.19664635190461624,24.164825252330488,5892.781952690867,0.000778283854747842,86,0
87,137.20857871143536,118.31001142656237,1109.971840761112,3.186367860494539,0.20467562019771463,24.878510977769494,5932.449312664639,0.0007860742953973912,87,0
88,137.27753872633392,118.1381239242685,1117.9002377056565,3.1976755757549404,0.19383116600410713,24.53223413209487,5981.075058848379,0.0007997745438016062,88,0
89,137.19526202440775,117.54316223977028,1059.7478034985288,3.1668571497224227,0.19374467557106012,24.24943376634286,5779.433838915404,0.0007928263008705532,89,0
90,137.25095360596114,117.34258848576243,1089.713259282482,3.1736322735722684,0.1880554981184708,24.64977212073387,5892.300882740286,0.0007937990607452072,90,0
91,137.32376548595357,117.0605478974001,1091.0434963668276,3.182258114512541,0.20859342391386643,24.27290975166123,5915.7411290524415,0.0007659564217627243,91,0
92,137.3038436957911,116.58504519309778,1044.5968465001247,3.145806975117264,0.18010865280278943,24.31956503766382,5701.348879920939,0.0008187546259976153,92,0
93,137.36821121644368,116.38974040932045,1071.478317954873,3.16170325970614,0.17066945282617108,24.11229669181694,5813.137506238694,0.0008215823409477931,93,0
94,138.1761912837036,116.26886552484314,1138.076180564753,3.2160489738504467,0.211124376287917,24.60653095167136,6070.551505739802,0.0007311014515518591,94,0
95,138.2240903387704,116.08774571309075,1130.6810641959032,3.2191137652636237,0.2151435789541311,24.117412912585138,6071.363451680142,0.0007965963705732595,95,0
96,138.18923428170004,115.51554267650158,1088.1964108998366,3.1858210193392513,0.19838866717651593,24.366884859453663,5898.461964935328,0.0008013847727202977,96,0
97,138.27825933132848,115.32434105784539,1098.9088779901658,3.16894146168988,0.19848754345904848,24.785225887802255,5940.408823628684,0.000802008686179221,97,0
98,139.08375613407637,115.2451967063129,1158.3641671597686,3.229900129242489,0.22153540824150167,24.568149598747482,6136.720199729814,0.0007242001776648119,98,0
99,138.2046490835941,114.5775592311131,1070.197173367898,3.1666992132216043,0.1882126073244754,24.398773286438438,5818.67516664066,0.0008315744309680764,99,0
100,138.29963570127504,114.33324225865209,1073.09987875456,3.156007369075871,0.20518515867951945,24.921718495666013,5791.151090875972,0.0007984092695104173,100,0
101,139.14132168947856,114.2335208665715,1145.8285549575512,3.224752075239731,0.22342854106666793,24.53491321808511,6069.991069931785,0.0007039426641418193,101,0
102,138.37453624106416,113.51705727988417,1047.414861928344,3.150767667186666,0.18343711085270398,24.168924965317863,5693.248144944422,0.0007983431620158873,102,0
103,138.4180079095006,113.27021061344615,1048.250166586701,3.1302836322775214,0.20039171496566727,24.584180307146944,5695.996112873184,0.0008363734453695781,103,0
104,139.20175740868368,113.22837698139215,1118.3277707723448,3.2028130941498745,0.21593080249080157,24.470645569966884,6014.015410636092,0.0007998709818287609,104,0
105,140.05257589322048,113.14202002116058,1173.7299318079802,3.240916587506544,0.22035451736018946,24.359170880689746,6242.192186641447,0.0007423699836883386,105,0
106,139.2338681241185,112.41925246826516,1098.0070591958015,3.179139627779756,0.19782067455071006,24.681928781287848,5888.8996390366265,0.0007996917896387042,106,0
107,139.2643708377147,112.21512443042411,1106.2231709444015,3.1851665049433615,0.20681688003753187,24.621511165429197,5917.732636975672,0.0007672081629537248,107,0
108,140.12953579601177,112.11319058515855,1165.0141062264408,3.235221131524,0.20916797672877208,24.279061546889704,6193.8621514322695,0.0008062945668882569,108,0
109,139.3380192844913,111.40785797963413,1067.565471138975,3.1543027795460308,0.19920388739896666,24.53178292695671,5808.732733399565,0.0008356738790493572,109,0
110,139.3756258941345,111.09915951359085,1079.7505904951347,3.1654428777508037,0.2130294904936616,24.52223265251826,5789.83916273332,0.0007864962902210437,110,0
111,140.20095496830493,111.06931752696138,1154.9900513266966,3.231969126402143,0.21606822344639692,24.246518736174167,6112.23397817088,0.0007766194937503704,111,0
112,139.42389705882354,110.35946691176471,1042.874400524629,3.129188369680096,0.18776156654041687,24.346516335777185,5714.601238580014,0.0008444345238881915,112,0
113,140.19261485616144,110.24997853155861,1122.240204539364,3.2063430050238195,0.2185846853909206,24.574603019110157,6025.171009362848,0.0007889370885567032,113,0
114,140.25723745649037,110.04032600390525,1130.235530067793,3.204984338744405,0.22530791539340891,24.468126340715443,6031.4435801824275,0.0007709541150583123,114,0
115,140.19315983822753,109.48215227712326,1089.9145646050076,3.1840417762187374,0.207015612164066,24.435397746991114,5913.238277839546,0.0008170616216646543,115,0
116,140.26353439901087,109.25381965910094,1106.927646146041,3.1809065631721323,0.21724003882444454,24.928601056896625,5925.60371957912,0.0007561769050738311,116,0
117,141.0651026869064,109.22753470249208,1176.5300462613657,3.246845897158171,0.21637477893014428,24.353856790051807,6222.474033353625,0.0007536897543760256,117,0
118,140.2867948033458,108.49786438868126,1077.201016588474,3.166523821021112,0.19052683841431825,24.44262851308603,5819.311378976604,0.0008237168101177923,118,0
119,140.32694031188385,108.17556909840474,1087.1761868359472,3.1617533100397366,0.21786571388992898,24.845844026094866,5834.805236787009,0.0007552328011401653,119,0
120,141.19293053842992,108.09897246198109,1155.2692343499193,3.2332911722201514,0.22484900115909903,24.216494431502625,6133.720408715139,0.0007429303378047442,120,0
121,140.3633495583198,107.4118442401298,1046.7059833543508,3.1433511115629873,0.2036395969657194,24.058953105765227,5743.61577003543,0.0008251620377678605,121,0
122,140.39283800678692,107.11385961778889,1078.1375298745743,3.165410710910105,0.21060206201120274,24.55126541507559,5794.459774725658,0.0008516232872636117,122,0
123,141.20367264799597,107.12770417575047,1132.688870694922,3.2198758052510326,0.23081574935013166,24.218988934026925,6081.736317311652,0.0008095401969104129,123,0
124,140.40815006468304,106.36065422287932,1036.352489552913,3.1287590586507714,0.21459725153401993,24.41968996821224,5656.860245512216,0.0008148463170318611,124,0
125,141.23168282246093,106.29298751200768,1114.1544953468551,3.1896369619441156,0.21588517886768802,24.81088082380998,5976.457818515086,0.0007928046700305843,125,0
126,141.30164872139974,106.07553835800807,1125.9377983226168,3.21723571607041,0.20597399113962878,24.1515930831315,6021.939918952734,0.0007905149671975495,126,0
127,141.2222898903776,105.50530711675657,1090.8488815596033,3.1868470989172826,0.19203889067591817,24.201014859726712,5917.0628070606745,0.0008436529949963355,127,0
128,141.2437521999296,105.2917106652587,1107.0783742551469,3.1821256999736742,0.20945205479401816,24.842043772884765,5978.368977479258,0.0007946516704632328,128,0
129,142.09615541588443,105.19786139906947,1151.7654620696296,3.244807106959454,0.227455337358569,23.97356891908869,6217.885432001796,0.0008029387825622312,129,0
130,141.28308237378212,104.46899911426041,1073.0580235002828,3.1684197903865856,0.19566956538237257,24.23647440146786,5838.758767808607,0.0008695711575202586,130,0
131,141.316570124627,104.1312971739512,1080.6645069945148,3.175060243181567,0.22040066625706364,24.090642862612494,5899.55510383659,0.0008185180647965232,131,0
132,142.15965417867434,104.1482091395636,1141.109798171316,3.2342725197466695,0.23224054230055238,23.959077689064273,6181.56569318105,0.0008265847415414376,132,0
133,141.33216168717047,103.40869947275922,1073.8704762987984,3.1702843701626695,0.18400171477163782,24.063002764164636,5872.368631986295,0.0008433933098931633,133,0
134,142.17125718148023,103.3458938830686,1130.3558664839368,3.2097851195503813,0.2028227153188705,24.352884923403508,6144.9734135055705,0.0008245740443052392,134,0
135,142.22737086862648,103.09649559873775,1148.894918789653,3.227389633517639,0.2082286447874052,24.328865993303566,6146.320258521393,0.0008224058058480598,135,0
136,142.12878206767238,102.56532856047046,1102.2091515785332,3.2049512109473635,0.19080422902944533,23.954941928963265,6012.795192715805,0.0008060725483941462,136,0
137,142.20234028015034,102.33003074820635,1123.5265457341218,3.20305574547863,0.19219200445197174,24.37442284049086,6071.3125464454815,0.0007802616018481748,137,0
138,142.2914338143298,102.13028609558762,1134.7607192101423,3.2135597685205264,0.1941960681978339,24.135789757159586,6142.761143657936,0.0007768228661601307,138,0
139,142.21835115557087,101.54536046912729,1085.6383285203651,3.1868077067465546,0.18955053669426206,23.873557586468877,5966.507288523638,0.0008403454195552778,139,0
140,142.2823742558882,101.28711931671124,1110.1568573173251,3.1922686129804947,0.19876478747774642,24.4232593060062,6036.754784140332,0.000824847372182565,140,0
141,143.09684519442408,101.21023885220511,1160.4952080614178,3.2389297637507477,0.21442009296053632,24.123769304284792,6277.048933172897,0.0007462482218730773,141,0
142,143.18414118022838,101.02140062285395,1162.9735770227305,3.2496536956388895,0.2101585785940585,23.681087769767327,6259.236669457549,0.0007930115353997074,142,0
143,142.34062310162284,100.31623709103532,1088.4898364138141,3.1757646656340994,0.1846372678992048,24.087903174999795,5984.8802173875565,0.000834636059877066,143,0
144,143.14021164021165,100.22255291005291,1158.4499014836026,3.232605056256556,0.20491363502649204,24.325915590016127,6221.420488363767,0.000779451263414412,144,0
145,143.1983551040155,100.02773746169973,1159.9375906343425,3.2457780250511856,0.21502282767108022,23.849708564083,6234.234113030461,0.0007761306679332404,145,0
146,142.38018049592569,99.33514413388241,1077.765214037473,3.170136875379243,0.181697662362288,24.080445945812286,5910.45297758185,0.0008020809116523651,146,0
147,143.15860441597843,99.24962076521153,1132.858858042557,3.221289579741027,0.22418196332777507,24.34510439919535,6163.652791882966,0.0008182237196860282,147,0
148,143.2185425034839,99.05926715304533,1149.5847045136074,3.2367190981817484,0.2156341339618791,24.030174575864407,6191.886842817743,0.0007673398450385243,148,0
149,143.10046511627908,98.5831712473573,1111.6119321463275,3.2161064006885227,0.1808817811106215,23.971335534656532,6077.88282163326,0.0008607557726623657,149,0
150,143.1759528285763,98.29268501110921,1128.4464817630105,3.2053034585657816,0.1995129339548753,24.590142954158917,6126.143434834591,0.0007964356966117745,150,0
151,143.21514717044784,98.13123049675298,1133.8323897432358,3.2194090690922867,0.20787741184376246,24.384520484483858,6141.514386365032,0.000787269218229267,151,0
152,144.0914217633042,98.13010325655281,1179.0413693255844,3.2582637652741515,0.2182437943153836,23.880504303258462,6384.994671153683,0.0007612384167065632,152,0
153,143.17649104503565,97.36071987480439,1103.7962101173282,3.1970442574357305,0.21232774011505245,24.471225315590218,6015.925221817386,0.0008118254344060381,153,0
154,143.23745644599302,97.22909407665506,1110.1712528717474,3.192461722039889,0.2101679162469666,24.659727306820173,6047.326466951032,0.0008016281091000763,154,0
155,144.0884370208989,97.18776728798515,1164.7216368697611,3.2523818308480132,0.23176015773807188,23.87148356047118,6285.654321032174,0.0007531018994839796,155,0
156,143.36108790494757,96.24134410099322,1021.4951614061405,3.1419583029004596,0.2415277796950195,24.179083464082968,5674.143073849531,0.0008222136502421374,156,0
157,143.31197388764818,96.25519670159767,1058.5521809023471,3.199099576977662,0.2065472954637016,23.185947958263057,5858.916986336773,0.000812429084356752,157,0
158,144.09870276367738,96.42486503907824,1129.7872727324566,3.2492166364067128,0.19300348776339318,23.212936471418615,6195.480644982377,0.0007702238174495524,158,0
159,145.96766585514303,97.0634510042605,1200.421711136245,3.297057375938624,0.1847972438020416,23.28876569839794,6542.953084714647,0.0007506068356724891,159,0
160,144.22370358252903,96.0884999182071,1156.7573994973166,3.2417331218409444,0.19562758159252924,24.126708397825595,6252.119009717717,0.0007871941013865979,160,0
161,143.32204444444446,95.38444444444444,1064.4688999442774,3.15969056150194,0.1876713272633029,24.12796173207029,5908.862087741649,0.000861644159260133,161,0
162,143.36052187805095,95.19996449809177,1076.7976928272424,3.1576854165708093,0.1832641058491593,24.370587704885665,5957.5831363430925,0.0008314607591447746,162,0
163,144.14640511870687,95.23935005893247,1136.1377469164445,3.224130269694281,0.2054801493661969,24.390901285039007,6187.718304085017,0.000805771751921964,163,0
164,144.16910229645094,95.12643006263048,1143.1080370803131,3.2254338932277724,0.21670903350269538,24.24629990967846,6209.093403141111,0.000792666459986926,164,0
165,144.2448912597456,94.92162494870743,1142.527768865412,3.241465546952555,0.2054177499194393,23.910101030831356,6233.677038800402,0.0007624313908261135,165,0
166,144.1490243481264,94.42289759972371,1100.6108881875216,3.1976560660964917,0.192597384171882,24.23206497045571,6092.542506111965,0.0008186011955510442,166,0
167,144.13334483353458,94.38632051060894,1109.4619594697087,3.1969857072808785,0.19207815826152222,24.401656000066907,6119.98966141508,0.0008503838808691467,167,0
168,144.15857019810508,94.23359173126615,1122.6726993774187,3.2061122719091,0.1938002895864169,24.658185903638397,6115.507301065947,0.0008440543237419782,168,0
169,144.23135787773148,94.00561176770682,1115.308948325978,3.2094765512488013,0.19264809737117827,24.18193876567676,6116.526097373522,0.0008486418946493067,169,0
170,144.25936792690084,93.94852879537262,1115.5169665268486,3.2280780484156133,0.19646987913922678,23.752310294058137,6106.4993954307865,0.0008059449536593652,170,0
171,144.17565186751233,93.54404510218464,1078.5595199724091,3.1737338149883145,0.1678096855203854,24.22768477739291,5942.1764032213205,0.0008230557346277497,171,0
172,144.22052497585813,93.44350803265736,1083.2494319140208,3.177896402729967,0.17323779177887413,24.249723916958587,5952.815791349282,0.0008916605751935366,172,0
173,144.1894420903955,93.38603460451978,1083.8212758313005,3.1769690055376514,0.1991626788063957,24.3017835505959,5977.952347051456,0.0008808636677073073,173,0
174,144.31217391304347,93.20939130434783,1095.8045607789077,3.1860019924118337,0.17205386597023306,24.298275043358387,6042.85526959511,0.000815976742582492,174,0
175,144.34510773578242,93.0967855881314,1094.8428735393024,3.16679835132445,0.18190019424376125,24.6542681695975,6037.761756029707,0.0008568403197213146,175,0
176,144.36763550667715,93.04791830322074,1096.221576271187,3.1835556570098733,0.186594794945333,24.39875202488895,6033.493177381629,0.0008474628716982659,176,0
177,145.09577278731837,93.19427014531044,1157.6614214412907,3.238216622716999,0.21538825052005903,24.372825500951876,6267.020774643139,0.0007463924851446591,177,0
178,144.28476044392312,92.57078408373184,1048.0442855691192,3.1449680100398414,0.1562688676308088,24.113623822081152,5852.734125457406,0.0008981448386491693,178,0
179,144.24781156935293,92.48064254128688,1059.779411728418,3.1529605999880745,0.1634494809164053,24.38802905791414,5851.829844923412,0.0008741830589039872,179,0
180,144.27570009033423,92.40415537488708,1069.442454789968,3.155843721336013,0.16535066466816412,24.53824602679782,5867.630753439538,0.0008707546642217628,180,0
181,144.3319107317507,92.40384102427313,1076.466639473354,3.1640625626024272,0.15511211561658428,24.406418873095518,5894.750935269494,0.0008235932332700476,181,0
182,144.3614897977368,92.35204490777866,1074.0857643000802,3.163235524903397,0.15718817314225564,24.308810846673826,5909.197775190898,0.0008315296073142455,182,0
183,144.37599493487699,92.28102387843705,1068.4809434500419,3.1431707607540265,0.16794717149504912,24.643871253596302,5896.012984784049,0.0008521614079372194,183,0
184,144.39663941871027,92.15267938237966,1074.0955404216754,3.1506814856149057,0.17385404611954414,24.876872189602835,5853.622180672077,0.0008026841520487771,184,0
185,145.1754700854701,92.22495726495727,1125.3694731586077,3.2152281890547534,0.22032566017644725,24.527283389354267,6087.973057815721,0.0007507998176007144,185,0
186,145.1554088369731,92.27839851024208,1145.6191135468146,3.2247114875743206,0.18771549282350555,24.63071396994167,6174.588655625025,0.0008087477069701668,186,0
187,145.2672924065618,92.34432606122104,1139.7593025647175,3.2050531935178888,0.1596606143627502,24.5762406692037,6149.897964808376,0.0007771955719321592,187,0
188,145.3588949351193,92.31502720803684,1161.464935444917,3.2060794072107988,0.14454333220292584,24.794772585889817,6079.410386760589,0.0007232678925302807,188,0
189,145.231966296965,92.27890980999054,1145.5000597719552,3.195382921410853,0.16321524629132525,25.11413595063611,6174.595098825148,0.0008000691326725495,189,0
190,145.14597022373783,92.16152374615321,1156.5112246846027,3.2339148267816955,0.18916316421815998,24.528849895581274,6231.073412710335,0.0008181541529519772,190,0
191,145.19858097516706,92.09974424552429,1163.4431187867667,3.2378933690264895,0.19154369124479778,24.476362947828193,6229.807818746907,0.0008030745057447775,191,0
192,145.18682407330968,92.08932551803846,1157.0826649959931,3.2367059133712535,0.19161761366443086,24.35862953636409,6247.147131037344,0.0008277646143532431,192,0
193,145.19487052614218,92.08263236021772,1159.6657923538423,3.23649963736881,0.18792696708549123,24.386836306302968,6284.919061130708,0.0008347077549822126,193,0
194,145.1789092703792,92.06860245126265,1159.9728600038866,3.2394880967618085,0.1951385800834388,24.33109149469368,6260.237336628935,0.000812132113086647,194,0
195,145.1564932404752,92.03244571896764,1161.0544511549874,3.2422851425366854,0.195591653851722,24.25799959397966,6271.265093026271,0.0007913306927492698,195,0
196,144.32158390721276,91.46565784704603,1057.7825630619568,3.148579939607701,0.13485711961831698,24.441333234940103,5822.123055146267,0.0008530359906927432,196,0
197,144.3620767088835,91.448306835534,1059.0984255481033,3.1546845313043046,0.1368913638915374,24.25851958275095,5828.236293332518,0.0008411079703302552,197,0
198,144.41964522107492,91.45221074927191,1082.0555371730054,3.1706529819318012,0.14561431114771792,24.35126308173298,5819.503547531806,0.0007659603190557051,198,0
199,144.41606162564193,91.4355409952187,1089.4639482346352,3.1617736267475776,0.13657876019275358,24.598309438625108,5819.213081790003,0.0007630975959369708,199,0
200,144.40238095238095,91.39647266313933,1074.1371660826874,3.1681700691884562,0.12736770693171975,24.15387807328794,5862.59688868786,0.0008312632933386575,200,0
201,144.37187000532765,91.36041555673948,1076.0530634109402,3.162375935783998,0.12853038600482078,24.3645472535775,5866.771844179981,0.0008480173860260891,201,0
202,144.34327821711,91.36610352264557,1075.193115757161,3.1590933187693313,0.1352116497692031,24.541611376915785,5822.71728903917,0.0008451049961068511,202,0
203,144.37590467784642,91.39311562224184,1085.2268551990942,3.1703196594601866,0.13193156479943652,24.42478800315702,5878.508397429123,0.0008498074955885872,203,0
204,144.35423087082856,91.41120014088227,1069.556910986206,3.167188366986838,0.13882304415602917,23.920705766531334,5896.762825501417,0.0008245533991866663,204,0
205,144.3699481865285,91.42815198618308,1084.3553161923815,3.181064442047026,0.12615651809695425,23.87829064154208,5975.446255936332,0.0008344124573769699,205,0
206,144.38831113021058,91.35513536742587,1094.264147121038,3.1880470788637982,0.12223654246887958,23.98258337050835,6020.288622184742,0.0008647531826936995,206,0
207,144.33646266938268,91.37720308210079,1081.7032935305579,3.164545419261025,0.1357052023779964,24.429575755052014,5981.5689333010005,0.0008361101836368496,207,0
208,144.3364591473474,91.30806633671963,1101.9832079472903,3.187751695980715,0.13024297050575231,24.399211428892855,6029.653914867358,0.0008407245335723632,208,0
209,144.33103982110606,91.25629999139933,1115.4931480417304,3.1956768552755674,0.1305762613914154,24.46467298104767,6075.090665552729,0.000826757041295785,209,0
210,144.35799399914274,91.28144020574368,1115.8061291004842,3.1928042756696935,0.12411684996773932,24.391818510126313,6081.002535776006,0.0008048955758110353,210,0
211,144.37741188577309,91.29680130349027,1113.7800852813173,3.1894689934749136,0.11746837239417972,24.355880434502694,6118.939023389208,0.0008180806014163236,211,0
212,144.33299397641468,91.25002120980741,1130.263431422251,3.2035390203689924,0.1268642958317361,24.452123102797486,6141.78310308576,0.0008060790413008013,212,0
213,144.31972904318374,91.2506350550381,1132.0570020527261,3.2055730471386723,0.12620226871713824,24.44322908750594,6160.437333320044,0.0008162243224145148,213,0
214,144.29529123340942,91.26874630146251,1131.8538427279075,3.207112309138684,0.1254457227287013,24.399588291116444,6177.23538251344,0.0008254644216856671,214,0
215,144.24964240639463,91.26251577618848,1135.0717984728822,3.2113466272400544,0.1367505827579753,24.353665007201087,6208.908324310418,0.0008102058064237945,215,0
216,144.30262172284645,91.25334997919268,1143.5480543761003,3.2151586446517406,0.1247785290843415,24.270058582264298,6260.19083513513,0.0007750118656222693,216,0
217,144.2853685001252,91.2363742592438,1144.211130819413,3.2144117711962648,0.12837575926367403,24.35304551865039,6270.48943769671,0.0007977529173960105,217,0
218,144.24983176312247,91.2367934051144,1138.574428687331,3.213088873291805,0.12914436572708488,24.32687625223604,6242.800378500104,0.0008395512161863236,218,0
219,144.2914602401545,91.23066588294567,1147.3376281390256,3.2075986698206678,0.12517633788662813,24.567226062259763,6205.427052829105,0.0007843207429863947,219,0
220,144.20819459859416,90.57602663706993,1042.2216885163486,3.1248085401948362,0.13086766181676338,24.58070020085728,5659.759710123654,0.00075676148731669,220,0
221,144.28717998827437,90.13689661911276,934.9925483075617,3.081271637370459,0.20695619811946533,23.297156519291406,5344.930721979774,0.0008845430270350003,221,0
222,148.80697318007662,93.24107279693487,1097.618692514269,3.3204001974557777,0.1333512392034012,21.447721577865025,6301.757399599645,0.0007405935643870452,222,0
223,144.31737684633825,91.27909674425798,1097.5476134130802,3.2618202032897883,0.10790321440661238,21.643696653030347,6143.560978966365,0.0007424332824393409,223,0
224,147.7953191183861,93.25134611242731,1161.0967637424,3.338018102154675,0.12774474962147933,21.2563482485686,6615.39803838817,0.000697581280019703,224,0
225,147.89846856133119,93.82314828449418,1179.6545873507284,3.3200528157629,0.06911946977265844,22.147836826272695,6552.692088310767,0.0007061835685116064,225,0
226,146.86528035647976,93.1021908652061,1236.2285913378287,3.3154041893455526,0.12749341278015403,23.319870939458482,6699.877497465787,0.0007265059073656041,226,0
227,144.32544797233575,91.97885884941842,1186.9196521472595,3.273093417830978,0.126681284445204,23.786899661863497,6472.023332866718,0.000760418994260858,227,0
228,144.24720506606207,91.97834414822923,1187.5166285898867,3.2759729946750715,0.13738261618575398,23.674203759707694,6525.681643857819,0.0007623138381886746,228,0
229,144.268031496063,92.01771653543307,1187.2182589900178,3.2653152167236366,0.129316550660641,23.837846932476737,6543.175221384256,0.000783877780651393,229,0
230,144.23350659736104,92.06165533786485,1175.7764419309342,3.2500115338275335,0.12854503914883172,23.976248915824726,6516.851370577928,0.0007961422027324567,230,0
231,144.2181168057211,92.08486293206198,1180.4963126392122,3.254397104916344,0.128455149670726,23.91947236575281,6550.472411403487,0.0007923811495862986,231,0
232,144.24971806025457,92.1367810536491,1171.361691243712,3.2407307929194884,0.12110741339807832,24.061320385624825,6514.52536074644,0.0007341911623636251,232,0
233,144.1743133957883,92.2256385619345,1180.00747840679,3.247583899615657,0.11995173259421898,24.093354711644764,6521.7390053904255,0.000760191265416372,233,0
234,144.16335363898685,92.24519076627124,1173.9853667218947,3.2482145439655565,0.12214503575883458,23.995372596511956,6506.9255207342185,0.000725970572530718,234,0
235,144.14325485205217,92.30846325167037,1181.8301104050684,3.2576179105538623,0.11281130881562086,23.97125979583936,6510.712581007104,0.0007212190324653396,235,0
236,144.1614710180224,92.2976944309141,1168.4872064449623,3.2388542691485744,0.12645026208322316,24.18933573984944,6441.33294454046,0.0007687148784717412,236,0
237,144.1433100308893,92.3603479109088,1157.339070080418,3.234809050807756,0.13130691149581747,23.989714101000374,6404.241791735667,0.0007867614727911773,237,0
238,144.07916974321108,92.43440807285258,1138.9544741165018,3.232632651068799,0.13420294086448656,23.82749945850422,6351.161975421348,0.0008244008263218884,238,0
239,144.02555448408873,92.5326261652202,1144.9142582577956,3.255216124227257,0.11376814982849918,23.461357751184337,6388.506473644144,0.0007624889662531348,239,0
240,144.19056443517874,93.07211798316732,1196.8361766963849,3.282729155687035,0.1340887362045452,23.56522469751974,6594.598081295138,0.0007798110357969628,240,0
241,144.17283950617283,93.23935185185185,1185.0052645154153,3.281353981303645,0.11745809395943156,23.224640215039773,6557.639217115983,0.0007254931646555005,241,0
242,144.20206121174266,93.30707370393505,1176.3360464514415,3.2681411243235337,0.10292442647892508,23.328338210389298,6487.447726508659,0.0007531364651759732,242,0
243,144.174933291477,93.36171715586251,1183.7019624699471,3.263261823268458,0.09391337055606234,23.688902874732108,6462.231133361057,0.0007251562297624087,243,0
244,144.13286713286712,93.33614113159568,1180.6139244413887,3.260369052312803,0.11289119422575528,23.92375641549222,6476.29205853612,0.0007274449997761858,244,0
245,144.0112494977903,93.4046605062274,1178.9510021548936,3.2573062788837657,0.11903758496741312,24.06215785836424,6460.879557731541,0.0007811289954678691,245,0
246,143.27117773019273,93.21147751605996,1126.5323809548297,3.192670943208209,0.09278287665598318,24.605204037985573,6150.64612140558,0.0009129579448513395,246,0
247,143.17357490057447,93.09412284577994,1064.680922329871,3.164666282924656,0.09279229771487035,23.99413479400063,5941.710423850492,0.0008696232190771678,247,0
248,143.19585214918882,93.29469811005185,1049.131058768462,3.2129109004540672,0.06761968400950674,22.284603522929363,5967.912911527206,0.0007936699314009794,248,0
249,143.2595776031434,93.46185330713818,1064.7067671013713,3.22544372604181,0.04356530563612291,22.13781260999904,5997.798981696358,0.0007806042987758112,249,0
250,143.32095780360345,93.97090710552999,1108.1279540098926,3.26680615634696,0.08729848204067997,22.039827491812076,6209.109802597166,0.000765971075875456,250,0
251,142.57320099255583,93.97708850289496,1023.3663790534514,3.2303743505971356,0.10620683630622825,21.58465067482466,5839.715907194806,0.0008321124458035981,251,0
252,146.784588441331,96.04560712200818,1199.3478521459751,3.336465982733895,0.1563190340225339,22.317111959809083,6729.751579584705,0.0007432274202221273,252,0
253,143.96541717049575,94.43966142684401,1169.4062704176151,3.258164952131841,0.135539193576348,24.038581133131146,6340.182362437331,0.0008193211398807303,253,0
254,143.25084324516243,94.07660216580862,1101.501683445858,3.155154090867915,0.12042389351838514,24.931912771053945,5996.309330921826,0.0009474173960551926,254,0
255,143.16047664608158,94.01800469687744,1065.3242424041155,3.173836242857741,0.11620726803445265,23.62857108924497,5863.677418240803,0.0009332315675627222,255,0
256,143.14150469168902,94.10690348525469,1062.102197151556,3.2095205433152265,0.09583101534139783,22.601705602923527,5911.861976050639,0.0008095807246986965,256,0
257,143.17706562393744,94.44746684801088,1066.6530168086658,3.208219531196957,0.08104631682495714,23.12109140481212,5993.312913605703,0.000774504934768818,257,0
258,144.04590818363275,95.17818209734378,1157.409468042749,3.286477839323086,0.1694045074335329,22.657716440265702,6467.866372515407,0.000763866494806936,258,0
259,143.26645487129358,95.19224503095471,1124.3897457282649,3.23260565624259,0.13081144200830153,23.264499463585796,6201.966790001331,0.0007890062355797743,259,0
260,143.2306161439261,95.36045215729979,1113.5952686707492,3.2482956965669882,0.1179237252581348,22.60522158183737,6185.072052161926,0.0007643483856601929,260,0
261,142.4331430548348,95.26708181975437,1040.7526025360269,3.1778564849253685,0.118981607826166,22.953806750275632,5833.799549659096,0.000850886824676998,261,0
262,143.23215004427271,95.96796264992354,1138.8674456943613,3.2561374318054814,0.17482340805771582,23.376897581265567,6260.105737017095,0.0007729238939372275,262,0
263,143.0696742282108,95.51398601398601,1115.6987810324204,3.211356277661735,0.13724433518779305,24.26259501648194,6112.390984319716,0.0007611002045474286,263,0
264,143.10369687316623,95.54765697040826,1108.1045587347323,3.2184552486052542,0.11538696517770212,23.687372158383496,6132.8319600078285,0.0007721622884908899,264,0
265,143.23891786179922,96.05573663624511,1152.2385662124711,3.238836005441371,0.14820204288904806,23.942375683195905,6292.857680973857,0.0007377959515626524,265,0
266,143.18168978981473,96.12660962033729,1152.5994970696775,3.2319308091302634,0.15666828595746152,24.4174521685443,6257.963374090628,0.0007323255302176698,266,0
267,143.1940185976376,96.28901734104046,1155.9100610845478,3.2142505426708308,0.16111590064687065,24.69272560748594,6248.616752227817,0.0007487827595284594,267,0
268,143.18743246612917,96.37552988114038,1168.1803346585643,3.2209650070169284,0.14798501324845162,24.759869116277443,6235.487541538843,0.0006812231453145877,268,0
269,143.14417945296864,96.41911274182789,1177.221324090402,3.2238194750955484,0.14037123490868042,24.934474342808713,6209.497476917337,0.0006885312828943722,269,0
270,143.07198605114579,96.49119893723015,1158.2704100482752,3.225152827471075,0.13645311617252545,24.523327346588356,6239.70956944645,0.0007376659839669663,270,0
271,143.1818839414885,96.95692010930719,1189.062533543888,3.2546258795470475,0.1834980490624696,24.369952262794683,6355.830890330959,0.0007191689745263105,271,0
272,142.29598514326142,96.50451008135833,1070.7917312442878,3.1707676112305556,0.11438273355558741,24.146789128695914,5844.063320498298,0.0007925173247199917,272,0
273,143.1353309991043,97.06163993160166,1178.8414951633265,3.24389274785652,0.17544741111669157,24.38121812323792,6231.5712892225865,0.0007542339552746119,273,0
274,143.0552182474565,97.06350508697079,1168.9804925396165,3.2370136394931244,0.15790261268859007,24.45766537558272,6188.23621499163,0.0008177876978938908,274,0
275,142.19534841792122,96.58640584152168,1043.555225562267,3.1496237571482877,0.07737675836497927,23.988693997870556,5670.7664585211205,0.0008706082424081517,275,0
276,142.24800475462726,97.00687722873154,1066.021504365293,3.187335910359594,0.0918335098455531,23.07993577968668,5849.7312633390675,0.0007581687262160448,276,0
277,142.2675925925926,97.1239898989899,1074.7940986166793,3.202193061643911,0.1021917092323066,22.97960446537345,5928.401778069545,0.0007201051513633575,277,0
278,142.2087390761548,97.29346650020807,1080.043475123615,3.213630976522779,0.09168694927976462,22.922271007617297,5940.753792491848,0.0007155661153940053,278,0
279,142.20221560846562,97.45130621693121,1072.9803041539603,3.2231671096812864,0.07875142108039652,22.61987248340442,5953.929087026114,0.0007408722650885039,279,0
280,141.5108620090372,97.7886687521724,1018.4388489690169,3.2034072275988366,0.13860350448085323,22.567075641909916,5674.818345636864,0.0007846049577443419,280,0
281,141.46934628975265,97.92950530035336,1012.2958506957524,3.176395383529707,0.17351681501766206,22.803484269206436,5680.827252272571,0.0008497975494511158,281,0
282,141.47117566954154,97.9802088061734,1031.9028856163602,3.156933301652869,0.18410309673742303,23.888809426434122,5668.373212778875,0.000820596613220139,282,0
283,142.2199151793603,98.07819402721329,1129.2597928958116,3.173072114016517,0.20421286112727585,25.34299234807706,5991.098683108863,0.0007304292092250757,283,0
284,142.14274910190963,97.53204764605786,1076.0673353452294,3.1129247700412663,0.1616892698125033,25.940364011442,5638.209721948001,0.000782048982742924,284,0
285,142.1723999195333,96.94699255682961,1014.7104270703771,3.060297278486147,0.22013143788179232,26.026067079354874,5177.735128406038,0.0006937128225046949,285,0
286,142.135855736254,96.42405133311208,853.3784937497634,3.003574961802546,0.194968039470676,23.980322758318387,4702.096071852744,0.0009134950056305006,286,0
287,148.58337152809608,99.98624988541572,949.5252633290285,3.1766374924671505,0.1323988505054417,22.19533799146597,5202.438829238519,0.0007844716095386986,287,0
288,147.55387861084063,100.03805582603052,986.3677148234655,3.264308874942579,0.12235279652117655,20.409263816941227,5593.611810598577,0.0006980392145581622,288,0
289,148.47791825424315,100.25796674748874,884.2773335503762,3.233307563010536,0.1815413524474303,19.526387257996703,5360.869918635602,0.0007584512323431261,289,0
290,148.59898345968298,100.42341488628531,910.7587304055868,3.2516231434239806,0.13671201416279474,20.00719126924747,5413.4873641068125,0.0006713440341884686,290,0
291,148.53902398948406,100.96869865264541,948.5873136493022,3.250066355903908,0.13967243397439505,19.872639252429515,5461.728655907009,0.0006713582403878766,291,0
292,147.60175424478956,101.09270137603605,1076.6201320330592,3.243714945866269,0.12313562804552781,22.092068372771394,5766.8183100412025,0.0008840872301172546,292,0
293,145.86373734880277,100.84876162264462,1233.4804624904386,3.2283305276189815,0.10170327550155041,25.88147107175692,6036.959141046126,0.0007256412318633365,293,0
294,144.07455708661416,100.07775590551181,1263.5849687629875,3.223964461713823,0.11999938560831361,26.42832734863532,6115.888755069141,0.0005876282736704577,294,0
295,143.17922432940372,99.20767127968563,1210.3293007248203,3.185948025542645,0.14343581519805407,26.36545119467189,6019.209887508283,0.0006152767051820388,295,0
296,142.30933333333334,98.46409195402299,1089.7411204208115,3.140261355255378,0.1415501194327059,25.552550409867305,5709.358370175765,0.000718028279142835,296,0
297,142.2020202020202,98.412353624743,1088.034378858245,3.1778007814182447,0.17301196722020773,24.80099817724613,5809.141896066445,0.0007403154634595499,297,0
298,142.11807416371337,98.52173913043478,1090.6491115556678,3.2088939847033373,0.1475419486988799,24.039720239147314,5914.5175183136635,0.0007001913742072731,298,0
299,142.24927703875073,98.95356523176072,1121.1253897585998,3.2351581163332046,0.20129099387308755,23.621166189245884,6024.370009159469,0.0007161396043274547,299,0
300,142.12508784258608,98.50544624033732,1043.5210977094152,3.1853880640768364,0.17328812597273227,23.374725923743927,5599.832001547575,0.0007210820201032671,300,0
301,145.0133026159334,100.90242271105826,1196.4132937342486,3.3211032076784845,0.19015800267461183,22.672814350641602,6232.818618369779,0.0006563176754159441,301,0
302,144.9699596472874,100.93311911522942,1235.6536782517044,3.3074080244781716,0.17424209683342226,23.545933937691274,6308.288732242481,0.0006308989426205175,302,0
303,143.21223724947043,100.12986801368747,1207.6062105940348,3.232894217066002,0.15942578209864244,25.08877168824172,6200.591042623265,0.0006900054078639006,303,0
304,143.12920041703424,100.0190071377015,1229.569514202926,3.2507425260835103,0.13710881314117807,25.145579125972105,6364.895078597145,0.0006123283285570393,304,0
305,143.11856486614923,99.91897671471567,1187.574575191533,3.2581034969685443,0.13411807630384198,23.984755003472273,6348.557918771979,0.0006871656434160531,305,0
306,143.15575814243417,100.0457378837463,1172.279622691726,3.260231613872663,0.0956842134888503,23.29213836577763,6275.199216882413,0.0006462655608000421,306,0
307,143.219417788888,100.07636480928957,1168.5491603118983,3.2329646329207367,0.10907687186520917,24.028710255586972,6254.854908773821,0.0007090869297463511,307,0
308,143.16641036017808,100.0161068393363,1191.6272919347125,3.2379153027668193,0.13798981199604973,24.59449287279253,6367.856632151894,0.0006951457190823039,308,0
309,142.1879647833148,99.39396529617916,1133.6711025581635,3.200911272931122,0.1250685938837054,24.71032833168063,6102.725158473519,0.0007520792211888378,309,0
310,141.38575935105902,99.15250112663362,1063.924913692895,3.1508563039910564,0.13736047488924288,24.452532942017868,5837.216863549208,0.0008085999340721871,310,0
311,141.31643982808023,99.15168338108883,1066.206375656792,3.162390920233965,0.12451208250730306,24.34479099144717,5786.6429195149685,0.0008196603497546075,311,0
312,141.29360679970435,99.23337028824834,1069.5216341283533,3.135461056755946,0.11905943966034668,25.196601690939588,5674.536341439736,0.000838153212008857,312,0
313,141.28640686183107,99.2404437814656,1062.46977296859,3.1180245662277066,0.12853109124775922,25.259163910776657,5687.334439249807,0.0008065375001350266,313,0
314,141.37012440370404,99.13151248713872,1066.791852393565,3.1159880813226057,0.12465122270911187,25.44494643722375,5699.297480813093,0.0008075866584710583,314,0
315,142.11998262380538,99.2131190269331,1114.8299002219997,3.185272364296716,0.14004634633028523,24.698664166516934,6076.333178999205,0.0007664039582030066,315,0
316,142.1679246883216,99.23865660249342,1131.946781956515,3.200744125167776,0.14987628518710142,24.48023317775518,6096.875492616195,0.0007274269818076223,316,0
317,142.1718802840717,99.32693608386879,1164.227060577147,3.2010999546798287,0.13219850344592388,25.099585766585434,6151.305972078072,0.0006988980009846683,317,0
318,142.19903912148249,99.26432738503775,1162.4970985803152,3.182789274125231,0.1454098524718418,25.432117376285206,6062.134298361094,0.0006929856109427798,318,0
319,142.12890153474737,99.28289360234523,1147.2778707189575,3.1806016625284226,0.12138032313798139,25.224681585905685,6066.966688064562,0.0006850652681108114,319,0
320,142.13406668958405,99.27724303884496,1115.8287228813992,3.1820007715710013,0.14001333759059958,24.35721000445818,5971.694518944862,0.0007351002620568204,320,0
321,142.15766498330908,99.29084995292305,1096.8038377892951,3.1899815354251935,0.15447203042779795,23.939482892773285,5966.320716859793,0.0007481637508055715,321,0
322,142.22925919346244,99.14816130751466,1082.1646697749075,3.1735634084989335,0.1930485486369963,24.51163535198094,5838.180474714354,0.0007289233838749845,322,0
323,142.25641933770143,99.15999645829643,1089.8685197297075,3.1811073469062894,0.19374020972999062,24.510944219173517,5760.644047321037,0.0007680946508365405,323,0
324,142.1973390481293,99.05071881417983,1098.5710086355994,3.1601591648142584,0.17710704333108507,25.01434120922206,5677.960686155262,0.0007637812123383258,324,0
325,142.03614573346118,98.56778523489933,1037.1390833450464,3.102514985134122,0.12175028595635652,25.356708173824238,5291.594243261943,0.0007583351473433973,325,0
326,141.4156004952538,98.16075113495667,934.0083859623549,3.03497972641402,0.13079250571057427,24.574095998803188,4871.311714406798,0.0008411245039117094,326,0
327,148.7759949233977,101.84307859668208,960.7906502068668,3.1696651659243082,0.11083951687074582,22.210281552239238,5290.013452430622,0.0007892852288339369,327,0
328,148.69521564518945,101.40963855421687,969.8821348294813,3.2188250407438277,0.16213677718896066,21.59245192784335,5497.446877632583,0.0007414884600936955,328,0
329,147.6632355325012,101.34081698816664,1041.671777041537,3.271573533681655,0.16918430280284444,21.529121668470736,5856.322584830425,0.0006947036911653628,329,0
330,143.08377432223398,99.55662297484328,1062.8536487645702,3.2370584773980533,0.10796265588828648,22.065267478219113,5792.988092260177,0.0006847872328140651,330,0
331,148.5130047064652,101.24011229460821,984.4848205013309,3.269220774935583,0.1976744177906195,20.728563225814497,5724.261106876839,0.0007251584868615384,331,0
332,148.52123865110246,101.29563878080415,987.8695266721652,3.277544654522118,0.1829095775954276,20.42045470990614,5732.086624907624,0.0007562801663401162,332,0
333,147.63424784217017,101.32983970406904,1063.813561828711,3.298591038004701,0.14207618082660217,20.823724160333892,5936.690472412966,0.0006941823285164497,333,0
334,146.8336785088418,101.12689182730604,1146.4299257617586,3.269297556945761,0.1674185638128903,23.286572492372827,6141.352969626762,0.0007556176425761691,334,0
335,145.0164190132173,100.09679008291602,1140.9266304781415,3.236954645911753,0.23976645504819075,23.79076957076167,5929.415016270686,0.000756655567543216,335,0
336,143.23305877948334,98.99429052789218,1062.7244585940587,3.0973382613953477,0.1878648140550314,25.36453921204464,5357.77763092893,0.0008143961731594246,336,0
337,142.95381085395053,98.46438547486034,988.4217649667838,3.065753215334593,0.14221479953217775,25.144408426429557,5163.347806532114,0.0012966765603204772,337,0
338,141.95967894239848,98.14560906515581,906.296702446594,3.1110543409542304,0.10343791287381747,21.823008415852833,4947.532341870859,0.0007925136341407708,338,0
339,141.27530688489594,98.2318092866038,834.8128594606355,3.170382530065075,0.10883543651178135,18.11904800821874,4701.734631312623,0.0007099616735843313,339,0
340,141.29774582889598,98.2831025914093,834.9273955259579,3.162796805846492,0.10679012975781976,18.302011598767447,4698.144654042195,0.0006633846715319451,340,0
341,141.48209919664689,98.66425078588892,842.3461176938258,3.218658491810191,0.01915324947117969,18.462179142608303,4717.549133568246,0.0006331826236498891,341,0
342,142.35427368421054,98.6608,868.763987208174,3.2242371598810617,0.04222859126927857,18.582404442179048,4811.581262122843,0.0006250613092306622,342,0
343,143.23074993729622,98.92057520274224,876.2529588524404,3.2138869730898034,0.06696034400965434,18.534570570158635,4883.127107060622,0.0006294246872380566,343,0
344,143.33356088403448,99.2012970389965,862.0734772376157,3.2263898186755235,0.07178092041434038,18.022698346549692,4929.98676646864,0.0007100349142806936,344,0
345,146.9610193772148,101.75593757068536,1097.488822708328,3.312222981805927,0.07259601776163614,21.10078035064643,5885.112977603729,0.0006791200780876185,345,0
346,145.84955353793052,101.07330982216553,1176.5050778084023,3.321451522919471,0.16079471200651893,22.51135250552582,6207.147018608113,0.0006972514233115264,346,0
347,144.0498209559396,100.26584150708392,1200.649214246424,3.268761938171458,0.170660257072013,23.83353181012285,6139.284360522552,0.0006681740109484514,347,0
348,144.89259877573733,100.72406391605057,1217.1332847221902,3.2507620172295564,0.06635199812863764,24.67358197028051,6075.736653350982,0.0005695563482216321,348,0
349,144.8215006865358,100.15653016719166,1164.7555450050602,3.24133608120313,0.05643531882096341,23.989392131192176,5766.17529129329,0.0005924331989582991,349,0
350,144.71526766941614,100.0375222383956,1112.7341627391243,3.240470171926406,0.12937864939600524,22.94575541795865,5512.849564289008,0.0005439905815595819,350,0
351,143.41113560290637,100.7269164829782,1113.6426162729738,3.2446317062144603,0.04723306412462435,23.183840897184126,5481.850318814462,0.0006381201649261416,351,0
352,143.3024676074936,100.0916068333746,1135.8087820118692,3.218604106721972,0.061365718335811066,23.902883503592196,5770.610095921786,0.0007695573926592956,352,0
353,143.0732516590097,99.58567296239578,1101.7157396785274,3.1989102917430654,0.0721261245040882,23.901438966992046,5858.611241790308,0.0006853415601091608,353,0
354,142.31627663290254,99.33304226336011,1086.2601501724778,3.17608180529885,0.1076661984641445,24.187595030910046,5819.21454783577,0.000719391072137759,354,0
355,142.1803766973281,99.25536574682435,1093.748832657839,3.1885691588502385,0.11888464569933714,24.433285355037142,5819.3339073654315,0.0007680596573943207,355,0
356,142.13371241492203,99.25338158008098,1089.8790131462058,3.1973512558030386,0.11374730790152147,23.9440982469443,5766.577830047565,0.0007321889324996734,356,0
357,141.5269433824868,99.12106317130893,1033.0957564406538,3.1623496208838406,0.09285259613750688,23.97955742694035,5447.642341912071,0.0007532652272548824,357,0
358,141.4174060789126,99.17613743628469,1027.3160104863723,3.126041453796067,0.12613412169741675,24.727731043423155,5414.793660115108,0.0008342329933414375,358,0
359,141.47857556456282,99.18297625940939,1024.037323391984,3.097449000508454,0.15400066097321163,25.200686881389302,5353.239629208307,0.000804441116208351,359,0
360,141.45370729813664,99.19206133540372,1031.0610020311995,3.0882151773097775,0.16007260485954966,25.516358260671183,5365.571488694208,0.0008718349560644044,360,0
361,142.08457257549495,99.29121430526412,1093.7941759387384,3.147515141288166,0.1448932861174302,25.446356615671775,5770.677227640615,0.0008219534757573592,361,0
362,142.14581850533807,99.18950177935943,1083.8408343122114,3.1591954694565634,0.12089127132508742,24.58891572505462,5892.655152593763,0.0007790325694158578,362,0
363,142.15736559597852,99.20831558319843,1092.3193530616206,3.192951468709949,0.11077455441824278,23.731910627137538,5919.9488626969705,0.000664243031912068,363,0
364,142.27658848614072,99.19872068230278,1104.4826405488059,3.2017985350854063,0.11147240401559244,24.02073120170111,5967.633721088876,0.000688325402894246,364,0
365,142.3167886940235,99.25787502128384,1115.8161100502055,3.2090456179848097,0.1001805216355568,24.223830075157707,5910.801733935137,0.0006746186212005881,365,0
366,142.41699011997179,99.25714537755822,1092.1843577335692,3.1661806756045414,0.1033663413444975,24.472020718448,5829.0639514913055,0.0006800774202403778,366,0
367,142.42311866859623,99.161993487699,1070.441002291836,3.15605051417849,0.13830733038773171,24.689078833612353,5731.64888015713,0.0006649029435518599,367,0
368,142.38354352235646,99.06702531087397,1061.1084942681082,3.178148227743552,0.16463410438388446,23.86300961622432,5754.801906830593,0.0006983034485015718,368,0
369,142.34920361601377,99.10486439948343,1029.2715800482404,3.1846867781873667,0.19083439905800154,22.597008429815006,5756.199214063639,0.0007621832553408077,369,0
370,142.28569030633656,99.21124632815778,1058.1959423590956,3.209001711575267,0.17952873774713862,22.64708059601925,5872.443992510652,0.0008010266853383563,370,0
371,142.22314259149692,99.27673062293974,1084.1101063694896,3.2074737337216934,0.17209747394171057,23.366416796908112,5930.922412465995,0.0007960307460449824,371,0
372,142.2076554204487,99.27179311525946,1100.4359627455226,3.1917242920021893,0.15699973802246073,24.029043543424237,5968.7701252430215,0.0008349863322176775,372,0
373,142.1066346495909,99.18525435787976,1083.8742259502876,3.158506777864008,0.10685129178550277,24.580925615201295,5914.05913541894,0.0007571436265319206,373,0
374,142.01845079787233,98.97539893617021,1039.2942436066658,3.216893572271105,0.05301004605773665,22.02626596739526,5790.969789376246,0.0006815803727438074,374,0
375,141.38052888399181,99.0334487643633,973.2348870881727,3.2754350453558123,0.05810334059183031,19.072523759244056,5402.273599813716,0.0006895700503287706,375,0
376,141.58742757361696,99.63544725771887,980.4647274698449,3.3176417177247863,0.07370785626099093,18.988284268802456,5395.718473811529,0.0005946564612113979,376,0
377,141.52393885310778,99.22798168697136,987.1596110268808,3.277757647647224,0.07966247286586599,19.533304943885668,5370.103077170275,0.0006338087810195594,377,0
378,141.53360032038447,99.30132158590308,985.7043860013467,3.2492259020811876,0.08802762758428391,20.13252850863784,5365.83565207368,0.0006628788567513357,378,0
379,141.41510217644128,99.23375976075761,1007.6247215040372,3.2230711141000192,0.08235287371666483,21.344434622323433,5444.7506577518825,0.0006675654831322243,379,0
380,141.28413672217354,99.21779141104294,999.3251270017263,3.1834503024581458,0.09256258831612137,22.333734214324295,5488.101507558736,0.0007311960546200982,380,0
381,140.46645546030564,99.08674990682073,900.8922580284712,3.15813499128568,0.09057007544245464,21.405844744433487,5038.432774307939,0.0007522083394419683,381,0
382,140.27280693213902,99.3337552331808,872.756991999755,3.1186887393307385,0.14068095270027378,21.668097844410234,5002.085525846169,0.0008284576446843613,382,0
383,140.25182852498983,99.56369362047948,873.4248976625748,3.0831296995768502,0.22472141427970044,22.62528940511546,4958.675096124245,0.0009912295420789008,383,0
384,140.35104188157624,99.46368887971941,940.9118044027557,3.058571345492755,0.2262257260688043,24.750619983773746,5034.641184540886,0.0009025239327938267,384,0
385,141.16546352583586,99.33700607902736,1025.7391092128096,3.1163177261333233,0.2319044117329473,24.84455479191361,5496.791027509699,0.0008341228860947273,385,0
386,141.3794162826421,99.12017710309931,1064.5058444265221,3.1550544914964496,0.17013552022222672,24.527784433790835,5674.933492968112,0.0007536012053658659,386,0
387,142.1278017423666,99.25585722743804,1121.35318657913,3.220084143764038,0.1809435756809023,24.185491210156314,6004.086852676571,0.00073606722820645,387,0
388,142.14945902876792,99.24968548184182,1139.1623975256907,3.2244583412408017,0.17447770059720355,24.363533621492167,6108.339076647528,0.000716009401681002,388,0
389,142.184265529638,99.26051333500544,1151.277147553496,3.225105306618068,0.17374905434246815,24.544408713831743,6127.593292802389,0.0006392199332648053,389,0
390,142.24462231115558,99.30990495247624,1160.961682205947,3.2166634051033167,0.16532446846979734,24.682777135444095,6115.861446791194,0.0006219106908652358,390,0
391,142.2526324586328,99.27569781046297,1166.8376962286225,3.2106395913158936,0.16196665479864927,24.865754014566164,6099.632763999153,0.0006668636431603861,391,0
392,142.26895625157445,99.19279536485011,1165.3873692658126,3.2185096342377815,0.16616754016044052,24.95371392751551,6052.961836307235,0.0006506707988934851,392,0
393,142.21852412170114,99.20112623970415,1151.9530390582372,3.212627945418409,0.16454102290462067,24.688857367612243,6113.334172496088,0.0007412091635516107,393,0
394,142.20340411189753,99.18250758341759,1135.8927399108798,3.2127148809014505,0.17093640179347808,24.406188799905152,6094.814176453272,0.0007176388366297894,394,0
395,142.16709682790776,99.13595870452086,1133.6939175600112,3.2289744368368316,0.1781522336622542,23.974544589146852,6105.674882308586,0.0007071382225945557,395,0
396,142.18191850594226,99.13497453310696,1134.5412165939995,3.1995198069251924,0.17342201331514728,24.462943040312044,6037.313009464017,0.0006815279379659973,396,0
397,142.1367245441061,99.10540092487567,1145.243188842153,3.1801753725309476,0.17209427333006913,25.48093649373955,5934.443310177773,0.0007036915588310902,397,0
398,142.14768392370573,98.78882833787466,1100.2009453373964,3.141775590351284,0.18737518922756996,25.481493284381116,5584.1482689335835,0.0006847920598848001,398,0
399,142.00557768924304,98.22509960159363,1031.0924805976938,3.078520884556963,0.17678127766922366,26.18810583191354,5155.674631910524,0.00071171437393947,399,0
400,141.95746164574615,97.89918310420403,939.0441235630603,3.0589772964211295,0.18871297020970068,23.8549762411417,4903.5547520318105,0.0011520736865662654,400,0
401,141.95640648011783,97.80716740304369,886.5280040257697,3.145466850627216,0.1508279171989084,22.108798529459552,4808.332051289633,0.0007580157693636633,401,0
402,148.49024418740507,99.11566771819138,644.4261495578652,3.033616230361274,0.33704762528960686,19.19951724935806,3832.6006540694493,0.0007619618985718552,402,0
403,140.45120551090702,98.19698212235525,866.1482862926456,3.255204888331237,0.15034188591889305,18.112827046467494,4553.347403044251,0.000662108630681595,403,0
404,140.4187069466346,98.13511494729853,848.2072739973198,3.2302182435923146,0.13454559166440588,17.951104230169854,4561.840508001851,0.0007548280034014983,404,0
405,140.4399964415977,98.00080064051241,834.8270138349491,3.159533634715381,0.10636791643500092,18.86362970501531,4535.016829899934,0.0007720607980100902,405,0
406,140.4983836704535,97.88944305901911,814.1100493421393,3.1339805843577047,0.06722242693469682,19.174107562782446,4439.4895966960885,0.0006594216727953269,406,0
407,141.13425845620122,97.96782307025151,823.7382567351717,3.2159484403835754,0.04814828138442849,18.217975322417068,4639.742710395859,0.0006871234264307563,407,0
408,141.156567366283,98.17780974949221,811.3849651789616,3.2170810834294357,0.04874061464385476,17.51042367303954,4605.252895681634,0.0006609692688724837,408,0
409,140.51638667033876,98.95914807674653,786.3320996824383,3.1722483867774445,0.04422374853169641,18.40766413467564,4498.551970457231,0.0007109163442707222,409,0
410,140.1327958483922,99.20378092855157,801.1746243604135,3.179782766368431,0.058564092677903114,18.93240007523913,4489.629093705942,0.0009349886298628928,410,0
411,139.18999022907394,99.46086201281076,724.3663291046765,2.9888694469742814,0.138154642614989,20.053567899434647,4107.019006389829,0.0010356244097757933,411,0
412,139.53486538244903,99.99853554128647,765.3674272653268,3.0035276469530023,0.19304237576010158,21.98588418977789,4056.5953610045735,0.0007922461414983374,412,0
413,140.5274396328078,100.92586310117741,850.7859395957795,3.1161734256934746,0.246538600117649,21.64741714198002,4276.709000171417,0.0006599817098165497,413,0
414,141.37891077636152,101.25366937041329,947.2186592943391,3.090357422631523,0.20664824000949605,23.323750301280075,4513.144981688974,0.00063105126783113,414,0
415,141.55178829853216,101.16456481290055,1018.0085028218786,3.0478236269285945,0.18717621736161097,26.72877400421306,4607.87722171556,0.0005950094415435886,415,0
416,142.12348042500238,100.9139465875371,1135.5648814052452,3.103446057035141,0.1858990572786499,27.71791373201278,5220.651461023439,0.000652481680185531,416,0
417,142.10860539724476,100.20881298358181,1163.513883890288,3.1157454018777777,0.1656300628160283,27.995474654842752,5592.440185533386,0.0006440228737727091,417,0
418,142.149745747852,99.95739084692268,1196.2093898920875,3.178289715064999,0.1674197608181574,26.74323991079102,5914.562528396442,0.0006415922615580182,418,0
419,142.07878842513296,99.41828179933292,1181.8915315130384,3.15631408121629,0.12794463768187467,27.168695622088233,5937.039157452129,0.000658401867882148,419,0
420,141.99016792830417,99.26859827721222,1230.3941958880207,3.1876545553793187,0.13485078420742277,27.299270856299074,6022.093564264948,0.0006867806771618177,420,0
421,141.2237710249977,98.74704953071276,1139.001284825009,3.0999518868178337,0.11300533930747797,26.884706472033482,5553.851595645782,0.0014810889183817647,421,0
422,141.70838165524512,97.53906167633104,914.8807476857431,3.0510504426137808,0.1564489119665532,24.596161376896625,4797.4326496562435,0.0005740236158428823,422,0
423,140.94820210428952,96.78483061625622,747.7827324328889,3.04373257900345,0.25518989803557063,21.96055197571439,4188.598775748396,0.0005174329987955383,423,0
424,140.8884227236648,96.45095815852137,607.0172104506235,3.0645806209958093,0.2450699114024046,17.55180730977537,3757.3323743773376,0.0005195993552342153,424,0
425,139.43938835666913,97.8448784082535,679.9515227855925,3.2426721424519696,0.10807834769252883,15.971595275453765,3768.0825770850734,0.0004644355351600419,425,0
426,146.5993344090359,98.83924969745865,601.8389115057962,3.2338748820452023,0.12385933519769955,15.4768981881785,3501.4379493736988,0.00046453045500404063,426,0
427,143.53304981773996,103.44119076549211,523.8245487087041,2.979435388951744,0.25764305764913176,16.230286746138464,3059.4147004734978,0.0005385034321125322,427,0
428,144.16346900299433,102.58578241100145,626.6345893386147,3.0883446871636155,0.2887067216417864,17.721173370449897,3411.4777460738846,0.0006265763001853838,428,0
429,145.54978155897908,102.53747988043229,637.8572095785379,3.04905475214565,0.3611111703690002,18.700113640207768,3307.8813738611807,0.0010890680676868348,429,0
430,141.5524216853543,96.50699341116633,681.2056541507914,2.9632082948134184,0.24464312780434305,20.079463854866695,3277.7414747925095,0.0008800359805680196,430,0
431,146.87160250891648,102.69831509039479,704.2182020680599,2.966110390287969,0.42086887910616516,22.08530826803041,3240.6506713924036,0.000719898981122502,431,0
432,147.10260751777852,101.9218873462016,844.0228914805228,2.9859701286534954,0.3248715596881398,24.199324352190178,3473.4276529603585,0.000688551801067712,432,0
433,147.2236901535682,101.70912375790425,868.1878826036091,2.9731750112794364,0.2738005748061594,24.998634831065978,3464.6112945257264,0.0007335914762181152,433,0
434,147.05662343677628,100.92890226956925,805.2189027079861,2.9694874117685957,0.33539527352251075,23.77614870200746,3197.9925206602784,0.0009415170874491601,434,0
435,147.03690253045923,100.10918462980318,723.086038312104,3.0423633404653834,0.43111735870990836,21.601094162322696,2942.1789322350755,0.0009221736679129289,435,0
436,149.7868106139438,102.6321540062435,575.8883174330089,2.9221382204468807,0.42515691711866194,19.101394503826388,2508.427247396634,0.0026882924869818356,436,0
437,149.87392381177025,101.91685340252388,592.7515295107703,2.9829487512765063,0.36737115546476234,17.8265880440201,2836.827071024926,0.0014352218516361637,437,0
438,149.51449728827703,101.10460992907801,659.4500845157571,3.1120099224129243,0.27524621814527694,17.538566077546733,2978.520604586344,0.00110615611565435,438,0
439,148.8244750656168,99.39195100612423,635.669708376615,3.1108318366090675,0.26379833580270096,17.727009583993528,2933.9182026699955,0.0011087674633143258,439,0
440,148.87200555491262,98.55259807892605,580.0088895720974,3.048673542570643,0.20141762767154053,17.116336863891313,2629.6845305639854,0.0015499073692029977,440,0
441,148.38557401812687,97.94650050352467,482.7381449304765,2.8872309777766714,0.15042369993831145,15.495748609928437,2328.2671763097796,0.00247227765135705,441,0
442,148.14372683959766,96.94692959237692,428.85562095621026,2.7700135593730657,0.25715524514795873,14.473025852810165,2065.9168867074036,0.0038528977085826328,442,0
443,147.4171114599686,95.68963893249608,323.8298555419665,2.590587963544238,0.22219101744727796,12.963361564081861,1703.1484241328365,0.006149947103613498,443,0
444,147.38999281781182,94.7969834809672,169.05289704960558,2.1018477455361437,0.2757544717131843,10.320442601783439,1340.6072223357603,0.0042508943107446556,444,0
445,157.34103794156127,100.08940252943742,63.764596736600765,1.3399494233153633,0.10362209288143555,6.9799013436052295,839.1598738364089,0.00760425012645117,445,0
446,155.64276960784315,98.3982843137255,45.32299341883574,1.5413022886825412,0.252813174104976,6.248574460317428,812.9015189982953,0.011671694945378107,446,0
447,154.00171379605825,97.15595544130248,32.03920615772404,1.0643397927898086,0.38577983798535465,5.8477728462683976,858.6677277245576,0.008223585773822557,447,0
449,149.6829525483304,96.4476274165202,192.4339309620857,2.637801449135532,0.2857859845300064,7.947622807748706,1076.5968249062778,0.00396717803011163,449,0
450,150.06013179571664,96.37046952224053,160.26807721145133,2.2420920890430858,0.28789474178151564,8.416054301672176,933.0919452695296,0.008147323122495023,450,0
451,150.36726954492414,95.99941656942823,121.31850294491781,1.658664179737274,0.19268485777491848,9.024567751153455,778.8245588638006,0.009535304558522174,451,0
452,150.0872622001654,95.29942100909842,77.75675349984525,1.3779247411324682,0.1647653395597089,8.200153905070529,622.4510076407087,0.011403086863378566,452,0
520,143.3985623003195,100.20047923322684,26.244345155415772,0.9976009561601419,0.5629463551559736,5.345293941398579,604.3280324178332,0.005318094334336967,520,2
521,142.4974358974359,99.93846153846154,58.23820715361655,1.5472611589570437,0.5689517456294559,6.32158316966607,846.7234457372049,0.005841793748526813,521,2
522,141.3937583001328,99.3368747233289,127.7275217307982,2.0444918388563127,0.3498816810268692,7.209056671392993,1067.9806253865686,0.005990099963509074,522,2
523,140.87933850551246,98.54920375663536,186.69056610891087,2.1624982150309973,0.2927481108477371,9.719496602240154,1256.1800812747313,0.005474740160773139,523,2
524,141.14021596858638,98.03386780104712,260.868882998364,2.425122115994762,0.33021643757283875,10.88376393399588,1418.1164365356367,0.004769487742830124,524,2
525,141.19866603144354,97.3461966015563,301.89881732713246,2.5276303836832983,0.29144547036097707,12.22553571834505,1570.1988775897257,0.003861571947243296,525,2
526,141.7977357448571,97.37829628606931,345.8632187989275,2.6490368262041337,0.3038301298200643,12.176600965584221,1805.7040717058387,0.0031227409622838235,526,2
527,141.8346046736893,98.17689792953142,385.8119777394786,2.8368691569036897,0.38475590247500463,11.91210247288619,1908.040819685144,0.0012082064368776077,527,2
528,142.09320288362514,98.58535015447991,423.2270349576841,2.8168199744179825,0.3967135262929236,13.893266466813781,2008.822505680615,0.0008954672934262189,528,2
529,142.20270760304606,99.17514807204158,435.30435525183356,2.909115290053102,0.42030610134420876,13.364838176473555,1994.2790221144662,0.0006543971624850713,529,2
530,142.90237038640547,100.34992964606559,494.60600102822616,3.0143970305408545,0.3603582341698282,13.597783771097461,2172.598391937503,0.0005977820388329329,530,2
531,143.59817351598173,101.44292237442923,469.0534077298622,2.9235067067991625,0.19993379499650918,14.004053269068596,2144.2870238918094,0.0006906883164464295,531,2
532,143.92634027470092,101.55959237926452,490.0518557171984,2.9819461192979495,0.20689307607895177,13.841739389442356,2218.543923644496,0.0007840326612598986,532,2
533,143.81733879663577,101.00161742505931,534.5169585034911,2.9886746185970883,0.26122506955247676,14.697199096224953,2286.289146853775,0.000863384380981009,533,2
534,143.66670665866826,100.60395920815837,492.16173168871444,2.8294237703506973,0.2401223385464339,15.057137562162229,2201.489391040992,0.0012852150147506926,534,2
535,143.4284320897342,100.00548646671544,499.90515634362833,2.9139282438471565,0.31675242411668103,15.5420403398714,2111.581743670119,0.0015665151324160027,535,2
536,143.42348608837972,99.85338243316967,451.73612277124226,2.791441209516435,0.28878565112220883,15.710953533369718,1972.2772324999464,0.0017771131186919155,536,2
537,143.22338520864895,99.42900426938438,441.3577642351086,2.703194028080474,0.19619933607178364,15.500100520582937,1978.3964576416283,0.0018207025790727828,537,2
538,143.0515331100232,98.5009018294254,480.1549908189195,2.7387774333496697,0.18659284552883454,15.774223480910136,2088.220741237139,0.0019179620040280492,538,2
539,142.81478334749363,98.07937856535987,520.2316708109631,2.8397333408725225,0.1771203834124631,16.101356482193907,2173.5804471286237,0.0008974059654428164,539,2
540,143.41721281068382,97.78867317917646,491.8202424816938,2.8719853307988843,0.22375910784561576,15.508119430299484,2108.0679437817435,0.0009873421394241421,540,2
541,142.8655737704918,97.54718969555034,511.24526693931097,2.9134067876062653,0.21743361516273868,15.205655480396368,2130.775073093894,0.0013035276323752041,541,2
542,143.68400109769485,97.59714599341383,379.8666848714462,2.7764050151055777,0.19697639180434653,13.291164193498734,1823.8041515900147,0.0013569044413285884,542,2
543,144.92380952380952,97.66296296296296,244.35201903409174,2.437544373946023,0.3263910904342266,10.989376517406242,1458.78654664098,0.0020164619268227845,543,2
544,144.97359735973598,98.61551155115512,276.51837472062425,2.7358725298979087,0.3342804868648931,10.536403717227508,1491.370295999904,0.0020618160840522883,544,2
545,145.42374558303888,99.1522261484099,325.93210010741086,2.757604327208981,0.2649393310995328,11.747376046274173,1660.7664660920473,0.001979182457935197,545,2
546,145.7383834439672,99.33359364831446,387.50663553969133,2.7761980843813188,0.29405234395588564,12.861407270938603,1855.8434285832257,0.0022191382394020215,546,2
547,145.9182767624021,99.25430809399478,445.99709499305493,2.7143367552475373,0.2187549859230173,14.847161778489426,2029.2907626933275,0.00187582659442625,547,2
548,146.28594470046082,99.33329493087558,492.3807234508705,2.8978181844992874,0.20747326739872243,14.408376008815797,2073.755506169072,0.0008839746045686308,548,2
549,146.9085239085239,99.1034881034881,506.45748194911425,2.807770625171487,0.14864056632954686,14.857958005899171,2115.296741049606,0.0009230552460688056,549,2
550,147.01087383728546,98.57172802305777,480.59375788214834,2.762369012742019,0.09298200862160096,16.05547075330117,2020.6932145315054,0.000842708340632245,550,2
551,146.96872808862713,98.16912074042911,471.34039531464174,2.706329285622073,0.11907103615781436,16.854831132412514,1984.1910977279654,0.0009712745270957848,551,2
552,146.61872627583298,97.6791789680866,446.29099951601654,2.696567218616231,0.12303154644512487,15.999466452493213,1999.4068636388247,0.0010329585828398903,552,2
553,146.09279193350594,97.56751601035563,415.83679387819603,2.7340190809859997,0.055278261807525236,14.448614584948903,1930.770258608984,0.001061091900741041,553,2
554,145.89241497082682,96.9222997011527,398.0689721409825,2.6867690195358356,0.1239077551755582,14.445366144293516,1978.5023242535767,0.0012530289646441892,554,2
555,145.03707504810777,96.75125080179602,424.17664080548127,2.865601882693445,0.10604622135831332,13.87620826239868,2077.265150347539,0.0011195406516449273,555,2
556,144.8282332199975,96.50094446543257,420.503654060169,2.849275873073982,0.07278548128264781,13.503139627923826,1986.0623694721796,0.0010968085804116212,556,2
557,143.78449994137648,97.25383984054403,451.9859536740038,2.8882537309345313,0.05476354968206458,13.513473817196736,2107.718744099097,0.0009246740020708739,557,2
558,143.56234546096786,97.25738843753679,470.27201609049985,2.8069693419857638,0.06731955127835929,14.064416824088893,2143.376539239966,0.0013787552716938002,558,2
559,142.86904912236395,97.32213663341331,520.1077857723438,2.6690123118010383,0.12425944402131943,16.74800926530467,2119.8955054218222,0.0014872858601084513,559,2
560,142.95957061201727,97.29973511780287,498.59978874307603,2.5860352702682765,0.15774906736796665,17.725212063221022,2003.0835511294986,0.0014572324551658756,560,2
561,143.27383040935672,97.31374269005848,465.8291564445944,2.5498824648982,0.17599465227952207,17.366437849908124,1844.1037388335894,0.0013165811096425618,561,2
562,143.44082535003685,97.4885777450258,433.2062270997739,2.563590656154234,0.16916071639254165,16.281147812887596,1767.7528651037892,0.0011624589702686234,562,2
563,143.2330827067669,98.03655690951517,457.3297662031059,2.5839796822314836,0.15538794975611508,15.05856373030709,1841.6187871959778,0.0010570271024659302,563,2
564,142.35831450741577,98.48659267262548,451.3766751833073,3.0443308136819307,0.29242119745418416,11.305476099768526,1891.2072395134874,0.0008787542895117915,564,2
565,142.20417332268372,98.45796725239617,441.19158782662157,3.110934800902015,0.3191610720706994,11.232413627774411,1827.6849927808335,0.0007855501945397841,565,2
566,140.569462182489,98.60635731516957,314.85489992027624,2.8203129069062904,0.346555812462169,11.393216897924,1504.2467785216027,0.0009568448009211064,566,2
567,140.06031641397496,98.88546473302571,254.82893843569255,2.680743853321185,0.42446803424554486,10.708862772099803,1328.5357871289616,0.0014404822730977101,567,2
568,140.1507909215956,98.79539202200826,250.70091986644272,2.7377650801543933,0.5189939969428998,10.991873205973675,1196.9537815486574,0.001068679552697028,568,2
569,139.48089762611275,98.70975519287833,220.90345115973284,2.548345597029396,0.3928348707791558,10.447028940232173,1025.9617884898064,0.0008789913704224604,569,2
570,140.48277652760947,98.07910680283885,235.35505040791392,2.714631241990266,0.46766868473325834,10.388703107844565,1054.7205457690948,0.0006918214734353179,570,2
571,145.75017182130586,97.12302405498282,209.98796320008094,2.766391324848911,0.5288102763748718,8.83969948179035,994.1630492704387,0.0008898036767674292,571,2
572,142.41691297208538,96.8047619047619,239.32699923126052,2.7515035447875866,0.48279579902940284,10.021081248599579,1045.5604378674784,0.0012259670607429841,572,2
573,144.35928037050232,96.00997506234414,216.08291321799467,2.6903818713086687,0.5539849685288541,9.81495241727621,1007.6646747038321,0.001692011031556428,573,2
574,144.75008541168432,95.32217287324906,212.6433005487285,2.5816029375885643,0.4786593329546973,9.226409009118045,955.4131544678712,0.0021210502096447614,574,2
575,145.5716140199048,94.92578970142796,172.46730322487377,2.227002766972264,0.3561791629577782,9.515180078395243,846.4528973838551,0.003871887530948633,575,2
576,145.74932831810855,94.25738850080602,118.92838936963295,2.033637072359312,0.3564642988901924,8.147968643002795,714.8314161741172,0.005416469680498765,576,2
577,147.2808988764045,94.56179775280899,38.828907931360675,1.2865588169967035,0.15800435120943693,5.855335022174437,551.5195115311129,0.010327208359046245,577,2
578,136.48275862068965,99.0,10.342309583885605,0.6948083337796512,0.07142857112845138,5.3494704744235895,474.39702619944876,0.012587249057543782,578,2
579,136.96962182269064,98.30378177309362,39.18354495054203,1.0584293947321106,0.19557292094476264,6.194546783873663,586.7312877202643,0.009909851884303511,579,2
580,137.1038374717833,98.12302483069978,47.37812571351009,1.0974009928243726,0.22664259160341,6.817958271413698,651.6009830407932,0.009914861635019784,580,2
581,137.11795112781954,97.80639097744361,61.920859545532714,1.2668043389105939,0.21472029239113027,7.420027812082163,707.5231409343164,0.010008760467904915,581,2
582,137.65508021390374,97.086564171123,91.2852267240657,1.5738292482584624,0.244010324494445,7.749481145692743,851.5422751402544,0.008491403647176553,582,2
583,137.8271484375,97.0888671875,91.0402477918412,1.5570739117545662,0.1937272529531016,7.557051818658693,864.0143517228529,0.006717610604940259,583,2
584,137.81970443349755,97.07422003284073,92.06887287739912,1.5548008177650359,0.185119128480258,7.679965093878284,856.0301804767435,0.00836558080198275,584,2
585,137.76008724100328,96.63867684478372,83.56495599737033,1.4741193946970113,0.09037105555616673,7.745933762024514,893.3000101119294,0.00837637265214525,585,2
586,137.8951006913135,96.2756236850015,101.26123104961036,1.6189440576305596,0.19502471195753696,7.761230513270406,925.0560161064527,0.007963819262935297,586,2
587,138.04068641018543,95.59258234154443,113.71674829417867,1.8292000644343263,0.15667748913926635,8.025953726824124,996.1747403747449,0.007225944736661564,587,2
588,138.1573033707865,95.38660857601468,142.9052052369442,1.9276051321567609,0.10814182030499599,8.356071390832554,1042.4143144816248,0.00703974031784288,588,2
589,138.56899588960658,94.94910941475827,177.52358656765213,2.226769992551088,0.1816533322330414,8.860543075895732,1131.1378946596792,0.006576499131443566,589,2
590,139.20037168440615,95.09967899983106,263.74026866644476,2.3513771473189795,0.1418597413384129,11.362353186339485,1380.8596049022062,0.004014516006375876,590,2
591,139.78268494897958,95.12213010204081,353.0557967268978,2.445157386111811,0.1489582015687303,14.354149898813606,1670.983379499712,0.002763379964621197,591,2
592,140.21498127340823,95.1318352059925,444.50547951333823,2.5749877276897473,0.13539427809384671,16.981108206127526,1911.082777078375,0.00216875656806481,592,2
593,140.83419452887537,94.86489361702128,456.6629320564208,2.5568906839372043,0.14237808718239914,17.628021997314722,2081.252698292513,0.0017802659558752037,593,2
594,141.4491584365002,94.8832939212686,500.11546519634845,2.7255916112619065,0.13501257076989223,17.73952477744733,2167.259026567227,0.0011186010036185697,594,2
595,141.59262399321747,94.85883849088597,497.130887145277,2.738857859895854,0.13927130748801875,17.912728023462716,2193.105684923279,0.0009538738780994103,595,2
596,142.18080270164955,95.10403948564749,525.5630459806453,2.8276233757449205,0.22577846415838837,17.40727064879394,2292.1369965979256,0.0007679638624622455,596,2
597,142.06775102459017,95.1030993852459,517.6126961829174,2.8340815871500507,0.25198529814291637,16.90461546191649,2347.4111525436983,0.000654280365238837,597,2
598,142.2389090909091,95.33806060606061,530.9930119223965,2.8423208613363617,0.23412112334152185,16.412511277601347,2447.62111062612,0.0006569650603941815,598,2
599,142.06037691949743,95.55304792926943,519.3344447161544,2.845097339968324,0.1488412726747916,15.406035761123706,2477.3582352280496,0.0006510680483000127,599,2
